bx,by,bz
42.879,0.707,1.285
42.596,1.169,1.661
42.645,1.15,1.581
42.679,1.105,1.527
42.697,1.055,1.505
42.704,1.002,1.479
42.702,0.975,1.469
42.702,0.915,1.445
42.678,0.861,1.419
42.642,0.788,1.369
42.583,0.72,1.237
42.528,0.652,0.97
42.732,1.171,1.737
42.716,1.16,1.628
42.712,1.133,1.558
42.715,1.095,1.52
42.722,1.057,1.473
42.726,1.027,1.45
42.722,0.978,1.415
42.721,0.951,1.372
42.728,0.906,1.314
42.748,0.891,1.196
42.828,0.898,1.033
42.84,1.125,1.672
42.789,1.133,1.607
42.765,1.125,1.548
42.753,1.098,1.509
42.749,1.068,1.466
42.749,1.057,1.439
42.756,1.023,1.396
42.767,1,1.357
42.791,0.973,1.318
42.833,0.969,1.256
42.942,0.988,1.205
42.883,1.126,1.567
42.825,1.129,1.539
42.797,1.125,1.504
42.785,1.103,1.477
42.781,1.075,1.434
42.777,1.072,1.414
42.788,1.045,1.38
42.801,1.03,1.351
42.824,1,1.332
42.866,0.992,1.301
42.936,0.981,1.313
42.905,1.137,1.478
42.858,1.137,1.463
42.831,1.125,1.431
42.815,1.114,1.416
42.807,1.091,1.381
42.807,1.087,1.365
42.81,1.072,1.342
42.822,1.052,1.318
42.846,1.026,1.306
42.868,1.003,1.284
42.907,0.965,1.292
42.923,1.133,1.405
42.88,1.136,1.386
42.845,1.144,1.366
42.829,1.125,1.35
42.818,1.114,1.323
42.822,1.102,1.323
42.829,1.087,1.308
42.841,1.072,1.284
42.86,1.053,1.277
42.89,1.026,1.25
42.93,0.992,1.225
42.953,1.136,1.324
42.887,1.155,1.308
42.855,1.159,1.301
42.836,1.144,1.3
42.828,1.129,1.285
42.828,1.121,1.293
42.836,1.11,1.281
42.847,1.098,1.273
42.875,1.083,1.273
42.913,1.072,1.25
42.984,1.064,1.214
42.972,1.163,1.16
42.89,1.197,1.176
42.851,1.204,1.195
42.831,1.189,1.211
42.823,1.17,1.212
42.823,1.155,1.227
42.831,1.14,1.227
42.846,1.128,1.236
42.874,1.117,1.251
42.916,1.117,1.259
43.021,1.144,1.275
42.916,1.257,0.969
42.846,1.295,1.059
42.818,1.291,1.119
42.807,1.253,1.153
42.806,1.231,1.162
42.811,1.204,1.185
42.815,1.174,1.189
42.826,1.151,1.212
42.838,1.136,1.247
42.869,1.128,1.295
42.951,1.159,1.413
42.748,1.459,0.887
42.756,1.436,1.036
42.771,1.398,1.111
42.783,1.337,1.146
42.79,1.291,1.147
42.799,1.261,1.162
42.803,1.215,1.162
42.802,1.174,1.17
42.787,1.128,1.213
42.764,1.087,1.275
42.744,1.056,1.472
42.511,1.717,1.044
42.655,1.595,1.158
42.732,1.512,1.186
42.775,1.421,1.178
42.79,1.36,1.147
42.802,1.314,1.135
42.81,1.257,1.107
42.799,1.197,1.087
42.76,1.121,1.079
42.671,1.018,1.091
42.499,0.877,1.233
42.643,1.682,1.5
42.689,1.633,1.449
42.717,1.587,1.425
42.725,1.542,1.417
42.724,1.5,1.394
42.728,1.466,1.394
42.732,1.425,1.378
42.72,1.375,1.367
42.697,1.314,1.35
42.647,1.25,1.272
42.58,1.181,1.115
42.747,1.603,1.579
42.74,1.584,1.5
42.74,1.569,1.453
42.744,1.534,1.429
42.744,1.493,1.398
42.743,1.462,1.387
42.747,1.417,1.359
42.747,1.387,1.328
42.744,1.348,1.292
42.751,1.321,1.202
42.794,1.306,1.084
42.829,1.538,1.552
42.79,1.542,1.493
42.774,1.531,1.454
42.762,1.508,1.426
42.759,1.489,1.386
42.759,1.459,1.371
42.766,1.424,1.336
42.778,1.398,1.309
42.794,1.371,1.277
42.825,1.36,1.218
42.898,1.364,1.163
42.875,1.504,1.489
42.832,1.512,1.458
42.809,1.512,1.426
42.793,1.489,1.403
42.789,1.47,1.364
42.789,1.455,1.352
42.793,1.424,1.324
42.805,1.402,1.296
42.829,1.387,1.281
42.863,1.371,1.242
42.929,1.364,1.234
42.898,1.485,1.415
42.863,1.496,1.403
42.836,1.5,1.379
42.813,1.477,1.36
42.805,1.462,1.332
42.805,1.451,1.32
42.816,1.432,1.298
42.828,1.409,1.278
42.855,1.394,1.27
42.882,1.375,1.243
42.925,1.36,1.242
42.917,1.47,1.344
42.879,1.489,1.336
42.848,1.489,1.321
42.828,1.477,1.314
42.82,1.466,1.289
42.824,1.447,1.286
42.828,1.424,1.266
42.844,1.413,1.258
42.859,1.394,1.25
42.894,1.379,1.227
42.941,1.364,1.214
42.933,1.462,1.289
42.883,1.481,1.281
42.855,1.485,1.281
42.835,1.47,1.282
42.832,1.458,1.266
42.832,1.443,1.27
42.836,1.424,1.262
42.852,1.409,1.254
42.875,1.398,1.262
42.91,1.387,1.238
42.968,1.383,1.231
42.933,1.474,1.163
42.878,1.496,1.184
42.848,1.5,1.206
42.832,1.481,1.219
42.828,1.466,1.211
42.828,1.451,1.219
42.836,1.428,1.215
42.848,1.413,1.222
42.863,1.402,1.238
42.898,1.398,1.242
42.976,1.417,1.269
42.882,1.542,1.05
42.848,1.557,1.116
42.828,1.549,1.152
42.821,1.519,1.171
42.82,1.493,1.172
42.824,1.47,1.184
42.832,1.447,1.18
42.836,1.424,1.188
42.844,1.406,1.214
42.863,1.394,1.247
42.906,1.405,1.336
42.766,1.663,1.03
42.789,1.644,1.121
42.804,1.61,1.156
42.813,1.557,1.164
42.817,1.534,1.16
42.82,1.5,1.168
42.824,1.474,1.156
42.824,1.44,1.152
42.816,1.402,1.168
42.793,1.36,1.195
42.762,1.325,1.321
42.634,1.789,1.183
42.75,1.717,1.219
42.8,1.655,1.212
42.821,1.602,1.187
42.828,1.568,1.152
42.832,1.538,1.144
42.836,1.508,1.12
42.836,1.466,1.097
42.821,1.413,1.069
42.758,1.345,1.042
42.615,1.238,1.093
42.704,1.823,1.407
42.739,1.785,1.379
42.754,1.762,1.372
42.754,1.724,1.368
42.751,1.706,1.344
42.754,1.69,1.344
42.754,1.655,1.329
42.758,1.625,1.325
42.739,1.576,1.32
42.7,1.527,1.281
42.633,1.462,1.188
42.762,1.774,1.478
42.762,1.759,1.423
42.766,1.747,1.392
42.762,1.721,1.376
42.766,1.694,1.348
42.766,1.667,1.341
42.766,1.633,1.316
42.769,1.602,1.294
42.77,1.564,1.274
42.773,1.546,1.211
42.789,1.523,1.113
42.828,1.728,1.462
42.805,1.732,1.415
42.789,1.721,1.38
42.782,1.698,1.356
42.781,1.679,1.325
42.781,1.663,1.313
42.785,1.629,1.289
42.792,1.606,1.267
42.804,1.58,1.247
42.831,1.568,1.192
42.878,1.557,1.145
42.87,1.694,1.419
42.835,1.702,1.388
42.813,1.702,1.364
42.804,1.683,1.345
42.797,1.671,1.309
42.796,1.652,1.302
42.804,1.621,1.278
42.816,1.602,1.258
42.835,1.58,1.239
42.863,1.568,1.204
42.913,1.564,1.192
42.89,1.675,1.36
42.859,1.683,1.349
42.831,1.683,1.329
42.82,1.671,1.314
42.816,1.667,1.286
42.812,1.648,1.278
42.82,1.625,1.258
42.832,1.61,1.247
42.855,1.595,1.235
42.878,1.58,1.207
42.921,1.572,1.204
42.909,1.659,1.305
42.874,1.675,1.298
42.847,1.679,1.282
42.831,1.668,1.279
42.824,1.655,1.254
42.827,1.64,1.255
42.836,1.625,1.238
42.851,1.606,1.231
42.871,1.591,1.227
42.894,1.58,1.204
42.933,1.58,1.203
42.921,1.659,1.255
42.886,1.671,1.255
42.855,1.678,1.258
42.839,1.664,1.259
42.832,1.652,1.243
42.831,1.64,1.247
42.84,1.621,1.235
42.851,1.602,1.231
42.871,1.595,1.234
42.901,1.583,1.223
42.948,1.587,1.231
42.909,1.671,1.161
42.874,1.683,1.18
42.855,1.69,1.196
42.843,1.675,1.2
42.839,1.663,1.188
42.839,1.652,1.2
42.843,1.633,1.196
42.851,1.61,1.192
42.862,1.595,1.204
42.889,1.583,1.204
42.932,1.595,1.243
42.863,1.713,1.086
42.847,1.717,1.141
42.839,1.709,1.16
42.839,1.69,1.169
42.831,1.668,1.161
42.828,1.648,1.168
42.839,1.636,1.16
42.843,1.617,1.161
42.851,1.602,1.176
42.858,1.583,1.188
42.878,1.583,1.262
42.781,1.789,1.102
42.815,1.774,1.157
42.827,1.751,1.165
42.831,1.717,1.165
42.831,1.698,1.153
42.831,1.675,1.153
42.839,1.659,1.145
42.843,1.636,1.137
42.839,1.61,1.141
42.819,1.58,1.141
42.777,1.549,1.215
42.719,1.857,1.22
42.808,1.808,1.207
42.84,1.774,1.188
42.839,1.74,1.161
42.835,1.717,1.134
42.835,1.705,1.133
42.847,1.694,1.121
42.854,1.668,1.102
42.858,1.625,1.071
42.823,1.587,1.02
42.715,1.519,1.007
42.733,1.933,1.35
42.761,1.906,1.337
42.765,1.899,1.337
42.761,1.88,1.33
42.754,1.857,1.309
42.757,1.853,1.302
42.761,1.823,1.287
42.773,1.796,1.283
42.765,1.766,1.291
42.734,1.728,1.267
42.667,1.686,1.209
42.773,1.914,1.404
42.776,1.902,1.369
42.769,1.899,1.345
42.769,1.88,1.329
42.773,1.861,1.306
42.769,1.842,1.298
42.773,1.819,1.275
42.78,1.796,1.259
42.781,1.77,1.247
42.78,1.743,1.196
42.784,1.724,1.129
42.823,1.887,1.405
42.8,1.891,1.365
42.792,1.88,1.337
42.788,1.868,1.319
42.78,1.857,1.291
42.784,1.842,1.282
42.788,1.811,1.255
42.8,1.792,1.232
42.811,1.774,1.22
42.831,1.758,1.177
42.862,1.747,1.129
42.862,1.861,1.377
42.831,1.872,1.35
42.815,1.864,1.326
42.804,1.853,1.31
42.8,1.849,1.279
42.8,1.834,1.271
42.807,1.808,1.248
42.819,1.793,1.231
42.839,1.774,1.216
42.866,1.762,1.188
42.905,1.751,1.169
42.885,1.849,1.326
42.854,1.861,1.306
42.835,1.865,1.29
42.823,1.849,1.279
42.819,1.842,1.255
42.82,1.83,1.247
42.823,1.811,1.228
42.835,1.792,1.216
42.858,1.777,1.212
42.882,1.77,1.188
42.917,1.755,1.18
42.901,1.83,1.271
42.869,1.853,1.268
42.85,1.857,1.251
42.835,1.849,1.247
42.827,1.842,1.224
42.827,1.823,1.224
42.835,1.808,1.212
42.847,1.789,1.2
42.866,1.777,1.205
42.89,1.766,1.188
42.924,1.758,1.181
42.905,1.838,1.224
42.878,1.846,1.223
42.851,1.857,1.227
42.839,1.842,1.227
42.831,1.834,1.208
42.835,1.827,1.212
42.839,1.808,1.2
42.851,1.796,1.196
42.866,1.789,1.2
42.893,1.777,1.192
42.928,1.774,1.2
42.893,1.846,1.161
42.866,1.857,1.18
42.854,1.857,1.196
42.843,1.849,1.2
42.835,1.838,1.185
42.835,1.827,1.188
42.847,1.811,1.18
42.854,1.793,1.181
42.866,1.789,1.189
42.882,1.77,1.188
42.909,1.777,1.224
42.854,1.876,1.114
42.851,1.88,1.145
42.847,1.865,1.169
42.838,1.853,1.173
42.839,1.842,1.157
42.839,1.823,1.165
42.847,1.811,1.161
42.851,1.793,1.156
42.854,1.789,1.165
42.858,1.766,1.169
42.858,1.766,1.22
42.799,1.917,1.13
42.834,1.91,1.154
42.839,1.895,1.161
42.839,1.88,1.156
42.835,1.868,1.142
42.835,1.849,1.145
42.843,1.834,1.141
42.854,1.811,1.129
42.855,1.796,1.129
42.835,1.774,1.114
42.792,1.751,1.153
42.773,1.944,1.224
42.842,1.914,1.193
42.858,1.895,1.161
42.847,1.876,1.137
42.835,1.864,1.118
42.834,1.857,1.126
42.846,1.849,1.122
42.862,1.842,1.11
42.873,1.823,1.083
42.854,1.796,1.024
42.769,1.747,0.984
42.753,2.051,1.31
42.773,2.043,1.306
42.773,2.04,1.31
42.765,2.024,1.302
42.761,2.013,1.279
42.765,2.002,1.267
42.769,1.986,1.251
42.781,1.974,1.247
42.781,1.955,1.259
42.757,1.933,1.244
42.695,1.899,1.208
42.78,2.036,1.357
42.78,2.024,1.326
42.776,2.032,1.314
42.773,2.013,1.302
42.773,2.005,1.271
42.773,1.989,1.267
42.78,1.97,1.248
42.788,1.963,1.231
42.792,1.948,1.224
42.788,1.936,1.189
42.788,1.921,1.13
42.823,2.028,1.362
42.807,2.024,1.334
42.796,2.032,1.303
42.792,2.017,1.287
42.784,2.005,1.256
42.788,2.002,1.251
42.796,1.978,1.228
42.8,1.959,1.208
42.815,1.944,1.197
42.831,1.936,1.165
42.862,1.925,1.122
42.862,2.017,1.334
42.838,2.013,1.307
42.815,2.024,1.291
42.807,2.009,1.275
42.803,2.002,1.248
42.803,1.994,1.24
42.811,1.974,1.217
42.823,1.959,1.2
42.838,1.94,1.189
42.862,1.929,1.157
42.9,1.906,1.138
42.885,1.994,1.287
42.854,1.998,1.276
42.834,2.009,1.26
42.827,1.993,1.247
42.819,1.986,1.22
42.819,1.978,1.216
42.827,1.963,1.196
42.838,1.952,1.185
42.854,1.936,1.181
42.877,1.921,1.157
42.913,1.91,1.149
42.901,1.971,1.239
42.87,1.998,1.24
42.846,2.002,1.228
42.83,1.99,1.221
42.83,1.983,1.197
42.831,1.967,1.196
42.838,1.952,1.181
42.846,1.936,1.173
42.866,1.925,1.177
42.889,1.91,1.162
42.916,1.891,1.161
42.901,1.963,1.212
42.873,1.974,1.216
42.85,1.986,1.22
42.839,1.978,1.22
42.835,1.97,1.201
42.834,1.959,1.205
42.838,1.944,1.193
42.85,1.929,1.189
42.866,1.917,1.196
42.881,1.906,1.185
42.917,1.902,1.2
42.889,1.974,1.15
42.866,1.982,1.165
42.849,1.983,1.182
42.842,1.978,1.177
42.838,1.974,1.162
42.838,1.955,1.17
42.846,1.944,1.161
42.85,1.925,1.157
42.862,1.921,1.165
42.878,1.902,1.165
42.897,1.91,1.193
42.85,1.994,1.111
42.85,1.994,1.13
42.85,1.986,1.154
42.842,1.978,1.154
42.842,1.974,1.138
42.839,1.955,1.142
42.846,1.948,1.138
42.849,1.932,1.135
42.858,1.933,1.142
42.854,1.906,1.138
42.854,1.906,1.181
42.819,2.021,1.126
42.846,2.013,1.142
42.85,2.005,1.146
42.839,2.002,1.134
42.838,1.99,1.118
42.838,1.974,1.126
42.85,1.967,1.123
42.858,1.94,1.106
42.861,1.936,1.111
42.85,1.925,1.086
42.803,1.898,1.107
42.815,2.024,1.205
42.87,2.021,1.157
42.869,2.009,1.13
42.854,2.002,1.107
42.839,1.993,1.094
42.834,1.978,1.11
42.846,1.974,1.114
42.869,1.967,1.107
42.889,1.959,1.082
42.881,1.94,1.02
42.811,1.906,0.965
42.756,2.134,1.283
42.777,2.138,1.287
42.773,2.134,1.29
42.768,2.119,1.287
42.761,2.123,1.259
42.761,2.119,1.251
42.773,2.108,1.232
42.788,2.096,1.228
42.788,2.093,1.236
42.773,2.077,1.22
42.711,2.062,1.192
42.78,2.127,1.326
42.784,2.127,1.306
42.777,2.131,1.294
42.776,2.119,1.283
42.773,2.115,1.251
42.777,2.1,1.243
42.785,2.096,1.227
42.793,2.089,1.211
42.796,2.081,1.208
42.796,2.066,1.169
42.793,2.055,1.113
42.82,2.112,1.337
42.804,2.127,1.309
42.797,2.134,1.29
42.793,2.127,1.266
42.789,2.123,1.243
42.793,2.115,1.235
42.801,2.1,1.211
42.809,2.089,1.194
42.82,2.081,1.191
42.836,2.074,1.152
42.863,2.062,1.113
42.852,2.112,1.312
42.832,2.115,1.289
42.817,2.123,1.273
42.809,2.112,1.257
42.801,2.108,1.23
42.809,2.1,1.226
42.814,2.093,1.206
42.825,2.074,1.186
42.844,2.063,1.179
42.864,2.059,1.151
42.898,2.04,1.136
42.884,2.104,1.272
42.852,2.119,1.265
42.833,2.119,1.249
42.821,2.108,1.233
42.821,2.104,1.21
42.821,2.089,1.206
42.825,2.078,1.19
42.837,2.07,1.179
42.856,2.051,1.175
42.88,2.035,1.155
42.911,2.02,1.151
42.895,2.089,1.23
42.864,2.097,1.225
42.844,2.108,1.218
42.829,2.097,1.21
42.829,2.097,1.186
42.829,2.089,1.186
42.837,2.074,1.174
42.849,2.055,1.163
42.868,2.044,1.163
42.887,2.028,1.151
42.915,2.02,1.155
42.895,2.085,1.206
42.864,2.082,1.217
42.849,2.097,1.221
42.837,2.085,1.213
42.833,2.078,1.194
42.837,2.066,1.198
42.84,2.055,1.187
42.852,2.044,1.182
42.868,2.028,1.186
42.884,2.02,1.182
42.911,2.013,1.198
42.888,2.066,1.151
42.864,2.078,1.175
42.853,2.089,1.185
42.841,2.074,1.182
42.845,2.066,1.166
42.845,2.059,1.174
42.848,2.047,1.163
42.856,2.036,1.159
42.865,2.024,1.166
42.88,2.024,1.167
42.899,2.013,1.198
42.86,2.074,1.127
42.856,2.089,1.155
42.853,2.093,1.167
42.849,2.078,1.166
42.845,2.074,1.151
42.841,2.063,1.155
42.848,2.047,1.147
42.856,2.039,1.147
42.864,2.028,1.147
42.864,2.024,1.143
42.856,2.009,1.186
42.829,2.082,1.147
42.852,2.085,1.167
42.853,2.101,1.151
42.849,2.104,1.127
42.845,2.078,1.127
42.845,2.074,1.135
42.849,2.063,1.131
42.861,2.055,1.127
42.864,2.035,1.12
42.853,2.031,1.095
42.81,2.012,1.115
42.833,2.097,1.221
42.88,2.097,1.174
42.876,2.108,1.131
42.857,2.093,1.111
42.837,2.093,1.103
42.833,2.089,1.123
42.845,2.082,1.127
42.868,2.078,1.123
42.892,2.07,1.103
42.884,2.063,1.041
42.817,2.047,0.974
42.751,2.218,1.269
42.775,2.225,1.272
42.772,2.237,1.279
42.763,2.237,1.272
42.759,2.233,1.249
42.759,2.225,1.237
42.771,2.218,1.218
42.786,2.203,1.21
42.791,2.203,1.221
42.771,2.203,1.21
42.701,2.203,1.178
42.771,2.21,1.32
42.779,2.214,1.292
42.779,2.233,1.28
42.775,2.229,1.268
42.771,2.222,1.245
42.779,2.218,1.233
42.783,2.207,1.217
42.794,2.203,1.202
42.798,2.191,1.194
42.798,2.188,1.159
42.798,2.184,1.108
42.814,2.207,1.324
42.798,2.207,1.292
42.795,2.222,1.272
42.79,2.214,1.257
42.79,2.21,1.234
42.795,2.21,1.229
42.802,2.203,1.202
42.814,2.18,1.178
42.822,2.176,1.178
42.841,2.172,1.139
42.872,2.154,1.104
42.849,2.195,1.308
42.825,2.195,1.284
42.81,2.207,1.264
42.802,2.206,1.253
42.802,2.206,1.23
42.806,2.199,1.218
42.813,2.188,1.202
42.825,2.176,1.191
42.845,2.161,1.175
42.872,2.15,1.139
42.907,2.142,1.131
42.872,2.184,1.272
42.841,2.191,1.253
42.826,2.199,1.241
42.823,2.192,1.236
42.814,2.192,1.209
42.823,2.192,1.204
42.826,2.169,1.189
42.846,2.165,1.173
42.862,2.146,1.169
42.885,2.135,1.149
42.92,2.116,1.145
42.89,2.165,1.227
42.862,2.169,1.219
42.839,2.184,1.215
42.832,2.18,1.211
42.828,2.181,1.186
42.832,2.173,1.191
42.84,2.154,1.179
42.852,2.146,1.167
42.871,2.135,1.167
42.891,2.12,1.151
42.922,2.104,1.159
42.891,2.154,1.217
42.864,2.162,1.217
42.844,2.173,1.221
42.836,2.162,1.218
42.833,2.162,1.202
42.837,2.158,1.206
42.84,2.143,1.198
42.856,2.13,1.19
42.868,2.127,1.194
42.888,2.112,1.182
42.918,2.093,1.198
42.875,2.143,1.167
42.86,2.15,1.179
42.844,2.165,1.182
42.84,2.158,1.182
42.836,2.162,1.167
42.84,2.154,1.171
42.844,2.146,1.167
42.855,2.131,1.164
42.867,2.112,1.171
42.875,2.111,1.171
42.894,2.096,1.199
42.856,2.143,1.143
42.847,2.15,1.164
42.844,2.161,1.164
42.84,2.154,1.163
42.84,2.158,1.147
42.844,2.146,1.151
42.847,2.135,1.152
42.855,2.135,1.148
42.859,2.116,1.16
42.859,2.112,1.152
42.851,2.097,1.196
42.828,2.15,1.164
42.847,2.158,1.164
42.851,2.165,1.148
42.847,2.158,1.14
42.843,2.158,1.129
42.844,2.146,1.136
42.851,2.139,1.137
42.859,2.135,1.124
42.867,2.111,1.128
42.851,2.116,1.108
42.805,2.104,1.124
42.836,2.143,1.238
42.874,2.154,1.179
42.871,2.173,1.136
42.852,2.169,1.116
42.836,2.169,1.104
42.832,2.165,1.124
42.848,2.146,1.132
42.872,2.139,1.127
42.894,2.127,1.104
42.883,2.128,1.045
42.813,2.12,0.99
42.732,2.26,1.249
42.758,2.283,1.242
42.762,2.313,1.249
42.757,2.305,1.246
42.757,2.309,1.219
42.765,2.309,1.215
42.773,2.305,1.192
42.781,2.305,1.184
42.781,2.313,1.195
42.753,2.317,1.176
42.691,2.336,1.121
42.757,2.26,1.294
42.765,2.279,1.263
42.768,2.301,1.251
42.769,2.305,1.239
42.772,2.305,1.208
42.777,2.298,1.204
42.78,2.298,1.18
42.791,2.298,1.165
42.796,2.294,1.157
42.796,2.294,1.114
42.803,2.29,1.047
42.802,2.26,1.295
42.795,2.275,1.264
42.787,2.286,1.241
42.787,2.29,1.225
42.788,2.282,1.197
42.787,2.279,1.19
42.799,2.279,1.166
42.807,2.279,1.146
42.823,2.279,1.138
42.841,2.271,1.095
42.884,2.256,1.052
42.838,2.26,1.276
42.818,2.267,1.248
42.802,2.278,1.237
42.798,2.279,1.217
42.798,2.282,1.19
42.806,2.275,1.186
42.814,2.267,1.163
42.826,2.252,1.146
42.845,2.256,1.139
42.876,2.252,1.108
42.915,2.237,1.092
42.86,2.252,1.237
42.829,2.267,1.226
42.817,2.271,1.206
42.814,2.26,1.198
42.81,2.263,1.178
42.814,2.26,1.174
42.825,2.26,1.155
42.841,2.244,1.146
42.86,2.237,1.139
42.888,2.226,1.119
42.923,2.214,1.115
42.872,2.233,1.194
42.845,2.252,1.186
42.833,2.263,1.186
42.826,2.244,1.178
42.822,2.256,1.158
42.825,2.248,1.159
42.834,2.237,1.142
42.849,2.226,1.135
42.868,2.21,1.139
42.896,2.188,1.123
42.931,2.169,1.122
42.88,2.199,1.185
42.857,2.214,1.178
42.837,2.241,1.178
42.83,2.237,1.182
42.829,2.233,1.166
42.833,2.225,1.171
42.845,2.218,1.162
42.857,2.207,1.158
42.872,2.195,1.17
42.892,2.18,1.158
42.927,2.165,1.174
42.872,2.188,1.131
42.848,2.203,1.143
42.837,2.222,1.151
42.829,2.218,1.151
42.829,2.229,1.139
42.833,2.225,1.147
42.844,2.21,1.147
42.856,2.199,1.143
42.868,2.199,1.151
42.879,2.176,1.151
42.906,2.165,1.187
42.844,2.191,1.104
42.84,2.195,1.124
42.836,2.214,1.132
42.833,2.214,1.136
42.829,2.214,1.12
42.836,2.214,1.128
42.844,2.21,1.124
42.852,2.199,1.124
42.855,2.195,1.136
42.856,2.184,1.136
42.856,2.18,1.183
42.805,2.184,1.136
42.832,2.21,1.144
42.84,2.229,1.136
42.836,2.233,1.124
42.832,2.233,1.113
42.836,2.229,1.12
42.843,2.218,1.117
42.856,2.21,1.109
42.859,2.214,1.113
42.848,2.21,1.097
42.801,2.214,1.117
42.804,2.195,1.219
42.855,2.229,1.16
42.859,2.248,1.124
42.843,2.244,1.098
42.832,2.244,1.085
42.832,2.237,1.101
42.844,2.218,1.109
42.867,2.214,1.097
42.883,2.214,1.081
42.874,2.214,1.027
42.797,2.229,0.971
42.683,2.293,1.231
42.723,2.328,1.219
42.738,2.37,1.227
42.742,2.381,1.223
42.742,2.381,1.199
42.75,2.385,1.196
42.761,2.389,1.18
42.762,2.389,1.168
42.754,2.393,1.164
42.719,2.423,1.137
42.653,2.453,1.05
42.726,2.312,1.294
42.738,2.331,1.251
42.746,2.355,1.235
42.749,2.362,1.216
42.754,2.374,1.188
42.761,2.374,1.173
42.769,2.378,1.165
42.773,2.374,1.137
42.781,2.374,1.129
42.784,2.381,1.07
42.8,2.389,0.984
42.781,2.324,1.282
42.769,2.339,1.243
42.769,2.351,1.224
42.773,2.355,1.2
42.777,2.359,1.177
42.781,2.355,1.168
42.793,2.359,1.145
42.8,2.362,1.122
42.816,2.359,1.106
42.839,2.351,1.055
42.89,2.34,1.008
42.819,2.32,1.255
42.8,2.327,1.227
42.789,2.347,1.212
42.785,2.34,1.192
42.789,2.344,1.169
42.796,2.344,1.161
42.808,2.344,1.141
42.827,2.336,1.118
42.847,2.331,1.109
42.877,2.324,1.075
42.925,2.316,1.066
42.839,2.312,1.224
42.82,2.331,1.204
42.803,2.347,1.193
42.8,2.331,1.176
42.803,2.34,1.158
42.807,2.336,1.157
42.819,2.332,1.138
42.839,2.32,1.125
42.858,2.309,1.114
42.889,2.297,1.091
42.928,2.293,1.09
42.855,2.293,1.184
42.827,2.312,1.185
42.812,2.327,1.18
42.812,2.312,1.169
42.812,2.324,1.153
42.815,2.331,1.145
42.831,2.32,1.141
42.847,2.301,1.134
42.87,2.293,1.129
42.897,2.278,1.118
42.94,2.263,1.114
42.863,2.282,1.18
42.835,2.29,1.177
42.819,2.312,1.178
42.816,2.312,1.173
42.816,2.312,1.157
42.819,2.305,1.166
42.831,2.305,1.153
42.846,2.29,1.153
42.869,2.274,1.162
42.897,2.252,1.153
42.94,2.229,1.165
42.855,2.256,1.121
42.831,2.263,1.137
42.815,2.29,1.141
42.815,2.297,1.142
42.815,2.297,1.134
42.823,2.305,1.134
42.831,2.293,1.137
42.842,2.278,1.138
42.854,2.278,1.149
42.877,2.259,1.154
42.916,2.24,1.189
42.819,2.244,1.086
42.814,2.259,1.115
42.815,2.286,1.126
42.815,2.286,1.13
42.811,2.293,1.114
42.819,2.297,1.126
42.827,2.293,1.122
42.842,2.293,1.126
42.847,2.29,1.141
42.85,2.271,1.146
42.858,2.259,1.205
42.776,2.221,1.114
42.807,2.259,1.142
42.823,2.286,1.138
42.823,2.301,1.13
42.823,2.305,1.118
42.827,2.308,1.122
42.835,2.305,1.114
42.842,2.301,1.111
42.846,2.301,1.119
42.823,2.305,1.106
42.776,2.305,1.153
42.757,2.218,1.212
42.827,2.271,1.173
42.839,2.308,1.134
42.834,2.312,1.11
42.827,2.32,1.087
42.831,2.312,1.098
42.839,2.297,1.086
42.858,2.293,1.074
42.867,2.297,1.058
42.85,2.312,1.008
42.754,2.351,0.972
42.625,2.324,1.235
42.68,2.382,1.191
42.708,2.435,1.191
42.72,2.446,1.187
42.731,2.461,1.163
42.736,2.465,1.167
42.747,2.461,1.147
42.74,2.484,1.135
42.717,2.507,1.122
42.674,2.545,1.064
42.608,2.59,0.938
42.698,2.37,1.287
42.714,2.389,1.228
42.729,2.415,1.2
42.738,2.434,1.188
42.749,2.443,1.153
42.753,2.454,1.145
42.761,2.45,1.121
42.765,2.458,1.093
42.765,2.465,1.07
42.769,2.484,1.007
42.8,2.48,0.893
42.769,2.385,1.274
42.754,2.396,1.226
42.758,2.415,1.202
42.762,2.419,1.175
42.765,2.427,1.144
42.773,2.43,1.136
42.785,2.427,1.108
42.796,2.434,1.078
42.816,2.43,1.058
42.839,2.434,1.007
42.909,2.419,0.948
42.804,2.381,1.238
42.788,2.4,1.203
42.781,2.415,1.184
42.781,2.411,1.168
42.788,2.415,1.137
42.8,2.415,1.129
42.812,2.408,1.106
42.827,2.404,1.082
42.847,2.396,1.066
42.878,2.392,1.035
42.94,2.389,1.019
42.827,2.37,1.192
42.807,2.381,1.173
42.8,2.396,1.165
42.8,2.389,1.153
42.804,2.4,1.125
42.807,2.396,1.126
42.822,2.392,1.106
42.842,2.377,1.09
42.865,2.373,1.079
42.9,2.362,1.056
42.939,2.366,1.055
42.838,2.351,1.158
42.823,2.366,1.15
42.815,2.385,1.142
42.807,2.37,1.137
42.81,2.385,1.122
42.818,2.388,1.118
42.834,2.373,1.107
42.853,2.354,1.099
42.881,2.343,1.099
42.912,2.332,1.083
42.946,2.313,1.072
42.846,2.328,1.153
42.826,2.343,1.15
42.814,2.354,1.154
42.811,2.358,1.154
42.814,2.366,1.138
42.822,2.369,1.143
42.841,2.362,1.131
42.861,2.343,1.134
42.884,2.335,1.142
42.911,2.324,1.138
42.962,2.294,1.138
42.841,2.32,1.103
42.818,2.339,1.119
42.81,2.35,1.127
42.81,2.358,1.131
42.814,2.362,1.123
42.821,2.369,1.127
42.829,2.362,1.132
42.849,2.347,1.127
42.868,2.335,1.151
42.895,2.316,1.155
42.95,2.286,1.194
42.809,2.294,1.041
42.806,2.313,1.084
42.805,2.339,1.112
42.805,2.343,1.12
42.809,2.358,1.112
42.817,2.362,1.116
42.828,2.366,1.116
42.836,2.362,1.124
42.848,2.362,1.147
42.855,2.35,1.164
42.875,2.328,1.238
42.739,2.256,1.062
42.778,2.305,1.112
42.801,2.343,1.125
42.804,2.362,1.125
42.813,2.37,1.104
42.817,2.382,1.105
42.824,2.389,1.101
42.832,2.385,1.101
42.828,2.397,1.113
42.808,2.408,1.121
42.758,2.416,1.199
42.684,2.229,1.176
42.777,2.309,1.172
42.817,2.37,1.144
42.816,2.385,1.126
42.82,2.389,1.086
42.819,2.396,1.083
42.835,2.378,1.07
42.848,2.385,1.058
42.848,2.412,1.038
42.804,2.442,0.992
42.684,2.495,0.991
42.556,2.359,1.274
42.629,2.431,1.188
42.672,2.487,1.165
42.695,2.525,1.153
42.715,2.533,1.126
42.722,2.552,1.122
42.723,2.559,1.105
42.71,2.582,1.082
42.675,2.62,1.051
42.617,2.662,0.949
42.544,2.712,0.748
42.668,2.438,1.314
42.68,2.465,1.227
42.699,2.495,1.18
42.714,2.506,1.154
42.726,2.529,1.117
42.738,2.537,1.102
42.745,2.54,1.071
42.749,2.54,1.035
42.745,2.544,0.996
42.749,2.556,0.902
42.8,2.552,0.765
42.757,2.472,1.251
42.733,2.476,1.2
42.729,2.491,1.173
42.738,2.495,1.141
42.745,2.491,1.102
42.761,2.502,1.087
42.777,2.499,1.055
42.788,2.499,1.02
42.804,2.495,0.995
42.835,2.487,0.934
42.913,2.476,0.882
42.789,2.457,1.192
42.768,2.465,1.165
42.765,2.487,1.149
42.761,2.484,1.129
42.768,2.487,1.091
42.788,2.487,1.086
42.803,2.484,1.063
42.819,2.468,1.027
42.843,2.465,1.015
42.87,2.453,0.98
42.929,2.457,0.98
42.8,2.431,1.145
42.78,2.449,1.141
42.777,2.469,1.125
42.776,2.449,1.114
42.785,2.469,1.094
42.796,2.465,1.086
42.816,2.453,1.066
42.839,2.438,1.051
42.866,2.431,1.039
42.89,2.423,1.003
42.925,2.419,1.003
42.808,2.396,1.126
42.796,2.415,1.122
42.788,2.442,1.118
42.788,2.423,1.106
42.792,2.446,1.094
42.803,2.446,1.094
42.823,2.434,1.082
42.85,2.415,1.072
42.878,2.412,1.067
42.909,2.393,1.047
42.94,2.374,1.024
42.827,2.385,1.125
42.807,2.404,1.123
42.791,2.415,1.122
42.796,2.419,1.122
42.8,2.431,1.106
42.811,2.431,1.11
42.835,2.427,1.11
42.854,2.408,1.114
42.885,2.4,1.126
42.92,2.362,1.111
42.978,2.34,1.099
42.842,2.381,1.064
42.807,2.396,1.083
42.791,2.412,1.095
42.791,2.415,1.103
42.795,2.419,1.099
42.808,2.431,1.105
42.827,2.431,1.118
42.846,2.412,1.122
42.873,2.4,1.142
42.912,2.374,1.154
42.979,2.332,1.193
42.799,2.355,0.969
42.784,2.366,1.04
42.781,2.397,1.078
42.784,2.404,1.091
42.792,2.423,1.086
42.803,2.434,1.098
42.816,2.438,1.105
42.827,2.438,1.121
42.839,2.442,1.153
42.851,2.427,1.184
42.894,2.393,1.29
42.696,2.293,0.984
42.734,2.343,1.067
42.761,2.393,1.094
42.781,2.416,1.101
42.789,2.427,1.082
42.796,2.45,1.09
42.804,2.457,1.086
42.809,2.476,1.097
42.8,2.487,1.125
42.778,2.503,1.156
42.735,2.518,1.286
42.572,2.123,1.007
42.703,2.301,1.145
42.762,2.385,1.144
42.785,2.427,1.117
42.797,2.453,1.085
42.805,2.476,1.077
42.817,2.48,1.053
42.812,2.503,1.035
42.793,2.533,1.015
42.735,2.59,0.991
42.579,2.669,1.043
42.805,2.472,1.176
